term,category
citalopram,SSRI
escitalopram,SSRI
fluoxetine,SSRI
fluvoxamine,SSRI
paroxetine,SSRI
sertraline,SSRI
bupropion,NDRI
trazodone,SARI
amitriptyline,TCA
clomipramine,TCA
desipramine,TCA
doxepin,TCA
imipramine,TCA
nortriptyline,TCA
duloxetine,SNRI
levomilnacipran,SNRI
desvenlafaxine,SNRI
venlafaxine,SNRI
mirtazapine,NaSSA
moclobemide,MAOI
phenelzine,MAOI
rasagiline,MAOI
selegiline,MAOI
tranylcypromine,MAOI
vilazodone,SPARI
vortioxetine,serotonin_modulator
haloperidol,antipsychotic_first_gen
flupentixol,antipsychotic_first_gen
loxapine,antipsychotic_first_gen
zuclopenthixol,antipsychotic_first_gen
chlorpromazine,antipsychotic_first_gen
methotrimeprazine,antipsychotic_first_gen
fluphenazine,antipsychotic_first_gen
perphenazine,antipsychotic_first_gen
tetrabenazine,VMAT2_inhibitor
valbenazine,VMAT2_inhibitor
risperidone,antipsychotic_second_gen
paliperidone,antipsychotic_second_gen
aripiprazole,antipsychotic_second_gen
brexpiprazole,antipsychotic_second_gen
cariprazine,antipsychotic_second_gen
olanzapine,antipsychotic_second_gen
ziprasidone,antipsychotic_second_gen
lurasidone,antipsychotic_second_gen
quetiapine,antipsychotic_second_gen
clozapine,antipsychotic_second_gen
amisulpride,antipsychotic_second_gen
pimavanserin,antipsychotic_second_gen
asenapine,antipsychotic_second_gen
lithium,mood_stabilizer
valproic acid,mood_stabilizer
divalproex,mood_stabilizer
carbamazepine,mood_stabilizer
gabapentin,mood_stabilizer
lamotrigine,mood_stabilizer
levetiracetam,mood_stabilizer
phenytoin,mood_stabilizer
pregabalin,mood_stabilizer
oxcarbazepine,mood_stabilizer
diazepam,benzodiazepine
clonazepam,benzodiazepine
alprazolam,benzodiazepine
lorazepam,benzodiazepine
oxazepam,benzodiazepine
temazepam,benzodiazepine
triazolam,benzodiazepine
midazolam,benzodiazepine
clobazam,benzodiazepine
estazolam,benzodiazepine
flurazepam,benzodiazepine
quazepam,benzodiazepine
benzodiazepine,benzodiazepine
eszopiclone,z_drug_hypnotic
zaleplon,z_drug_hypnotic
zolpidem,z_drug_hypnotic
zopiclone,z_drug_hypnotic
baclofen,gaba_agonist
buspirone,anxiolytic_non_benzo
hydroxyzine,anxiolytic_non_benzo
propranolol,anxiolytic_non_benzo
agomelatine,melatonin_receptor_agonist
melatonin,melatonin_receptor_agonist
ramelteon,melatonin_receptor_agonist
prazosin,alpha1_blocker
clonidine,alpha2_agonist
guanfacine,alpha2_agonist
donepezil,dementia_medication
galantamine,dementia_medication
memantine,dementia_medication
rivastigmine,dementia_medication
amantadine,dopamine_agonist
bromocriptine,dopamine_agonist
pramipexole,dopamine_agonist
ropinirole,dopamine_agonist
ketamine,nmda_antagonist
esketamine,nmda_antagonist
benztropine,anticholinergic
diphenhydramine,anticholinergic
procyclidine,anticholinergic
trihexyphenidyl,anticholinergic
dextroamphetamine,stimulant
lisdexamfetamine,stimulant
methylphenidate,stimulant
buprenorphine,opioid_related
methadone,opioid_related
naloxone,opioid_related
naltrexone,opioid_related
varenicline,nicotinic_receptor
acamprosate,alcohol_related
disulfiram,alcohol_related
topiramate,alcohol_related
